"STATION","NAME","DATE","PRCP","SNWD","TAVG","TMAX","TMIN"
"CHM00059082","SHAOGUAN, CH","2021-01-01","0.00",,"41","54","29"
"CHM00059082","SHAOGUAN, CH","2021-01-02","0.00",,"44","60","31"
"CHM00059082","SHAOGUAN, CH","2021-01-03","0.00",,"48","66","32"
"CHM00059082","SHAOGUAN, CH","2021-01-04","0.00",,"50","66","36"
"CHM00059082","SHAOGUAN, CH","2021-01-05","0.00",,"52","65","38"
"CHM00059082","SHAOGUAN, CH","2021-01-06","0.00",,"51","65","38"
"CHM00059082","SHAOGUAN, CH","2021-01-07","0.00",,"41","60",
"CHM00059082","SHAOGUAN, CH","2021-01-08","0.00",,"39","45",
"CHM00059082","SHAOGUAN, CH","2021-01-09","0.00",,"45","51","37"
"CHM00059082","SHAOGUAN, CH","2021-01-10","0.00",,"44","51","38"
"CHM00059082","SHAOGUAN, CH","2021-01-11","0.00",,"40","48","29"
"CHM00059082","SHAOGUAN, CH","2021-01-12","0.00",,"41","59","27"
"CHM00059082","SHAOGUAN, CH","2021-01-13","0.00",,"48","65","28"
"CHM00059082","SHAOGUAN, CH","2021-01-14","0.00",,"52","71","31"
"CHM00059082","SHAOGUAN, CH","2021-01-15","0.00",,"54","74","38"
"CHM00059082","SHAOGUAN, CH","2021-01-16","0.00",,"58","74","40"
"CHM00059082","SHAOGUAN, CH","2021-01-17","0.00",,"48","72",
"CHM00059082","SHAOGUAN, CH","2021-01-18","0.00",,"45","61",
"CHM00059082","SHAOGUAN, CH","2021-01-19","0.00",,"49","66","33"
"CHM00059082","SHAOGUAN, CH","2021-01-20","0.00",,"61","76","34"
"CHM00059082","SHAOGUAN, CH","2021-01-21","0.37",,"59","76","41"
"CHM00059082","SHAOGUAN, CH","2021-01-22","0.17",,"61","66","56"
"CHM00059082","SHAOGUAN, CH","2021-01-23","0.00",,"58","72","47"
"CHM00059082","SHAOGUAN, CH","2021-01-24","0.00",,"61","72","46"
"CHM00059082","SHAOGUAN, CH","2021-01-25","0.00",,"65","77","47"
"CHM00059082","SHAOGUAN, CH","2021-01-26","0.00",,"55","77","51"
"CHM00059082","SHAOGUAN, CH","2021-01-27","0.00",,"60","70","51"
"CHM00059082","SHAOGUAN, CH","2021-01-28","0.00",,"51","70","40"
"CHM00059082","SHAOGUAN, CH","2021-01-29","0.00",,"51","66","38"
"CHM00059082","SHAOGUAN, CH","2021-01-30","0.00",,"54","67","39"
"CHM00059082","SHAOGUAN, CH","2021-01-31","0.00",,"62","77","45"
"CHM00059082","SHAOGUAN, CH","2021-02-01","0.00",,"64","78","45"
"CHM00059082","SHAOGUAN, CH","2021-02-02","0.00",,"62","78","52"
"CHM00059082","SHAOGUAN, CH","2021-02-03","0.00",,"62","76","52"
"CHM00059082","SHAOGUAN, CH","2021-02-04","0.00",,"65","80","52"
"CHM00059082","SHAOGUAN, CH","2021-02-05","0.00",,"66","80","54"
"CHM00059082","SHAOGUAN, CH","2021-02-06","0.00",,"65","82","53"
"CHM00059082","SHAOGUAN, CH","2021-02-07","0.00",,"67","84","53"
"CHM00059082","SHAOGUAN, CH","2021-02-08","0.20",,"64","84","55"
"CHM00059082","SHAOGUAN, CH","2021-02-09","2.00",,"54","79","52"
"CHM00059082","SHAOGUAN, CH","2021-02-10","2.59",,"54","56","52"
"CHM00059082","SHAOGUAN, CH","2021-02-13","0.00",,"54","74","49"
"CHM00059082","SHAOGUAN, CH","2021-02-14","0.00",,"61","78","48"
"CHM00059082","SHAOGUAN, CH","2021-02-15","0.00",,"64","80","49"
"CHM00059082","SHAOGUAN, CH","2021-02-16","0.00",,"62","80","51"
"CHM00059082","SHAOGUAN, CH","2021-02-17","0.00",,"58","76","44"
"CHM00059082","SHAOGUAN, CH","2021-02-18","0.00",,"56","71","43"
"CHM00059082","SHAOGUAN, CH","2021-02-19","0.00",,"62","74","43"
"CHM00059082","SHAOGUAN, CH","2021-02-21","0.00",,"67","80","47"
"CHM00059082","SHAOGUAN, CH","2021-02-22","0.00",,"66","81","55"
"CHM00059082","SHAOGUAN, CH","2021-02-23","0.00",,"71","85","56"
"CHM00059082","SHAOGUAN, CH","2021-02-24","0.03",,"72","85","58"
"CHM00059082","SHAOGUAN, CH","2021-02-25","0.39",,"66","81",
"CHM00059082","SHAOGUAN, CH","2021-02-26","0.03",,"52","71","50"
"CHM00059082","SHAOGUAN, CH","2021-02-27","0.00",,"55","58","50"
"CHM00059082","SHAOGUAN, CH","2021-02-28","0.01",,"56","59","51"
"CHM00059082","SHAOGUAN, CH","2021-03-01","0.03",,"58","69",
"CHM00059082","SHAOGUAN, CH","2021-03-02","0.00",,"54","69","52"
"CHM00059082","SHAOGUAN, CH","2021-03-03","0.37",,"53","59","51"
"CHM00059082","SHAOGUAN, CH","2021-03-04","0.61",,"54","56","51"
"CHM00059082","SHAOGUAN, CH","2021-03-05","0.42",,"59","60","52"
"CHM00059082","SHAOGUAN, CH","2021-03-06","0.01",,"60","64","56"
"CHM00059082","SHAOGUAN, CH","2021-03-07","0.00",,"59","64","56"
"CHM00059082","SHAOGUAN, CH","2021-03-08","0.00",,"58","64","55"
"CHM00059082","SHAOGUAN, CH","2021-03-09","0.00",,"57","61","55"
"CHM00059082","SHAOGUAN, CH","2021-03-10","0.00",,"58","63","55"
"CHM00059082","SHAOGUAN, CH","2021-03-11","0.00",,"66","76","56"
"CHM00059082","SHAOGUAN, CH","2021-03-12","0.00",,"64","76","58"
"CHM00059082","SHAOGUAN, CH","2021-03-13","0.00",,"67","76","60"
"CHM00059082","SHAOGUAN, CH","2021-03-14","0.00",,"70","80","62"
"CHM00059082","SHAOGUAN, CH","2021-03-15","0.00",,"71","80","63"
"CHM00059082","SHAOGUAN, CH","2021-03-16","0.00",,"73","84","63"
"CHM00059082","SHAOGUAN, CH","2021-03-17","0.00",,"75","86","63"
"CHM00059082","SHAOGUAN, CH","2021-03-18","0.00",,"76","86","66"
"CHM00059082","SHAOGUAN, CH","2021-03-19","0.00",,"77","85","71"
"CHM00059082","SHAOGUAN, CH","2021-03-20","0.00",,"61","85","55"
"CHM00059082","SHAOGUAN, CH","2021-03-21","0.03",,"53","68","52"
"CHM00059082","SHAOGUAN, CH","2021-03-22","0.00",,"56","63","52"
"CHM00059082","SHAOGUAN, CH","2021-03-23","0.13",,"54","63","51"
"CHM00059082","SHAOGUAN, CH","2021-03-24","0.00",,"62","79","51"
"CHM00059082","SHAOGUAN, CH","2021-03-25","0.00",,"68","83","50"
"CHM00059082","SHAOGUAN, CH","2021-03-26","0.00",,"74","83","54"
"CHM00059082","SHAOGUAN, CH","2021-03-27","0.00",,"76","82","68"
"CHM00059082","SHAOGUAN, CH","2021-03-28","0.00",,"79","89","68"
"CHM00059082","SHAOGUAN, CH","2021-03-29","0.00",,"79","89","70"
"CHM00059082","SHAOGUAN, CH","2021-03-30","0.00",,"78","84","74"
"CHM00059082","SHAOGUAN, CH","2021-03-31","0.48",,"74","80","70"
"CHM00059082","SHAOGUAN, CH","2021-04-01","0.21",,"79","87","70"
"CHM00059082","SHAOGUAN, CH","2021-04-02","0.00",,"79","87","72"
"CHM00059082","SHAOGUAN, CH","2021-04-03","0.00",,"70","87",
"CHM00059082","SHAOGUAN, CH","2021-04-04","0.04",,"64","81","59"
"CHM00059082","SHAOGUAN, CH","2021-04-05","0.02",,"64","69","59"
"CHM00059082","SHAOGUAN, CH","2021-04-06","0.00",,"69","79","60"
"CHM00059082","SHAOGUAN, CH","2021-04-07","0.34",,"68","79","61"
"CHM00059082","SHAOGUAN, CH","2021-04-08","0.06",,"63","74","60"
"CHM00059082","SHAOGUAN, CH","2021-04-09","0.01",,"62","69","59"
"CHM00059082","SHAOGUAN, CH","2021-04-10","0.00",,"64","68","59"
"CHM00059082","SHAOGUAN, CH","2021-04-11","0.00",,"71","83","60"
"CHM00059082","SHAOGUAN, CH","2021-04-12","0.00",,"76","87","63"
"CHM00059082","SHAOGUAN, CH","2021-04-13","0.00",,"78","90","67"
"CHM00059082","SHAOGUAN, CH","2021-04-14","0.17",,"71","90","63"
"CHM00059082","SHAOGUAN, CH","2021-04-15","1.63",,"65","79","63"
"CHM00059082","SHAOGUAN, CH","2021-04-16","1.56",,"66","68","63"
"CHM00059082","SHAOGUAN, CH","2021-04-17","0.00",,"69","73","63"
"CHM00059082","SHAOGUAN, CH","2021-04-18","0.39",,"64","73","62"
"CHM00059082","SHAOGUAN, CH","2021-04-19","0.71",,"63","66","62"
"CHM00059082","SHAOGUAN, CH","2021-04-20","0.34",,"69","75","62"
"CHM00059082","SHAOGUAN, CH","2021-04-21","0.00",,"75","85","64"
"CHM00059082","SHAOGUAN, CH","2021-04-22","0.00",,"79","88","67"
"CHM00059082","SHAOGUAN, CH","2021-04-23","0.00",,"81","93","71"
"CHM00059082","SHAOGUAN, CH","2021-04-24","0.01",,"82","93","71"
"CHM00059082","SHAOGUAN, CH","2021-04-25","0.15",,"69","89","65"
"CHM00059082","SHAOGUAN, CH","2021-04-26","0.52",,"66","71","65"
"CHM00059082","SHAOGUAN, CH","2021-04-27","0.46",,"67","69","64"
"CHM00059082","SHAOGUAN, CH","2021-04-28","1.52",,"64","69","62"
"CHM00059082","SHAOGUAN, CH","2021-04-29","0.01",,"68","82","59"
"CHM00059082","SHAOGUAN, CH","2021-04-30","0.00",,"72","90","58"
"CHM00059082","SHAOGUAN, CH","2021-05-01","0.00",,"78","91","62"
"CHM00059082","SHAOGUAN, CH","2021-05-02","0.07",,"78","91",
"CHM00059082","SHAOGUAN, CH","2021-05-03","0.64",,"70","91","68"
"CHM00059082","SHAOGUAN, CH","2021-05-04","1.16",,"71","76","68"
"CHM00059082","SHAOGUAN, CH","2021-05-05","0.00",,"73","82","67"
"CHM00059082","SHAOGUAN, CH","2021-05-06","0.04",,"72","82","68"
"CHM00059082","SHAOGUAN, CH","2021-05-07","0.00",,"81","88","70"
"CHM00059082","SHAOGUAN, CH","2021-05-08","0.33",,"78","90","70"
"CHM00059082","SHAOGUAN, CH","2021-05-09","0.00",,"80","92","70"
"CHM00059082","SHAOGUAN, CH","2021-05-10","0.00",,"84","92","73"
"CHM00059082","SHAOGUAN, CH","2021-05-11","0.02",,"83","90","78"
"CHM00059082","SHAOGUAN, CH","2021-05-12","0.43",,"76","88","71"
"CHM00059082","SHAOGUAN, CH","2021-05-13","0.00",,"81","90","71"
"CHM00059082","SHAOGUAN, CH","2021-05-14","0.58",,"81","90","73"
"CHM00059082","SHAOGUAN, CH","2021-05-15","0.00",,"85","91","74"
"CHM00059082","SHAOGUAN, CH","2021-05-16","0.80",,"81","91","77"
"CHM00059082","SHAOGUAN, CH","2021-05-17","0.65",,"74","90","69"
"CHM00059082","SHAOGUAN, CH","2021-05-18","0.87",,"72","81","68"
"CHM00059082","SHAOGUAN, CH","2021-05-19","5.09",,"79","90","69"
"CHM00059082","SHAOGUAN, CH","2021-05-20","1.35",,"75","90","71"
"CHM00059082","SHAOGUAN, CH","2021-05-21","0.00",,"82","90","72"
"CHM00059082","SHAOGUAN, CH","2021-05-22","0.00",,"85","93","74"
"CHM00059082","SHAOGUAN, CH","2021-05-23","0.00",,"85","94","76"
"CHM00059082","SHAOGUAN, CH","2021-05-24","0.00",,"76","94","72"
"CHM00059082","SHAOGUAN, CH","2021-05-25","0.29",,"79","89","71"
"CHM00059082","SHAOGUAN, CH","2021-05-26","0.01",,"83","90","74"
"CHM00059082","SHAOGUAN, CH","2021-05-27","0.00",,"86","92","79"
"CHM00059082","SHAOGUAN, CH","2021-05-28","0.04",,"87","94","76"
"CHM00059082","SHAOGUAN, CH","2021-05-29","0.13",,"83","94","76"
"CHM00059082","SHAOGUAN, CH","2021-05-30","0.56",,"78","92","74"
"CHM00059082","SHAOGUAN, CH","2021-05-31","0.32",,"77","87","74"
"CHM00059082","SHAOGUAN, CH","2021-06-01","0.01",,"80","87","74"
"CHM00059082","SHAOGUAN, CH","2021-06-02","0.20",,"78","87",
"CHM00059082","SHAOGUAN, CH","2021-06-03","0.92",,"81","90","69"
"CHM00059082","SHAOGUAN, CH","2021-06-04","0.35",,"69","90","68"
"CHM00059082","SHAOGUAN, CH","2021-06-05","0.00",,"75","88","65"
"CHM00059082","SHAOGUAN, CH","2021-06-06","0.00",,"78","92","65"
"CHM00059082","SHAOGUAN, CH","2021-06-07","0.00",,"81","92","68"
"CHM00059082","SHAOGUAN, CH","2021-06-08","0.00",,"84","94","73"
"CHM00059082","SHAOGUAN, CH","2021-06-09","0.00",,"84","95","78"
"CHM00059082","SHAOGUAN, CH","2021-06-10","0.00",,"82","95","77"
"CHM00059082","SHAOGUAN, CH","2021-06-11","0.02",,"81","92","76"
"CHM00059082","SHAOGUAN, CH","2021-06-12","0.33",,"81","91","75"
"CHM00059082","SHAOGUAN, CH","2021-06-13","0.07",,"80","91","75"
"CHM00059082","SHAOGUAN, CH","2021-06-14","0.04",,"83","90","75"
"CHM00059082","SHAOGUAN, CH","2021-06-15","0.00",,"85","93","80"
"CHM00059082","SHAOGUAN, CH","2021-06-16","0.00",,"84","93","80"
"CHM00059082","SHAOGUAN, CH","2021-06-17","0.00",,"87","94","80"
"CHM00059082","SHAOGUAN, CH","2021-06-18","0.00",,"88","94","83"
"CHM00059082","SHAOGUAN, CH","2021-06-19","0.00",,"88","94","83"
"CHM00059082","SHAOGUAN, CH","2021-06-20","0.00",,"89","96","83"
"CHM00059082","SHAOGUAN, CH","2021-06-21","2.30",,"79","96","74"
"CHM00059082","SHAOGUAN, CH","2021-06-22","0.64",,"78","86","74"
"CHM00059082","SHAOGUAN, CH","2021-06-23","0.65",,"81","90","75"
"CHM00059082","SHAOGUAN, CH","2021-06-24","0.37",,"78","90","76"
"CHM00059082","SHAOGUAN, CH","2021-06-25","0.48",,"83","92","76"
"CHM00059082","SHAOGUAN, CH","2021-06-26","0.00",,"84","93","77"
"CHM00059082","SHAOGUAN, CH","2021-06-27","0.00",,"85","93","77"
"CHM00059082","SHAOGUAN, CH","2021-06-28","0.00",,"83","93","78"
"CHM00059082","SHAOGUAN, CH","2021-06-29","0.22",,"81","91","78"
"CHM00059082","SHAOGUAN, CH","2021-06-30","0.46",,"82","88","78"
"CHM00059082","SHAOGUAN, CH","2021-07-01","0.15",,"84","89","79"
"CHM00059082","SHAOGUAN, CH","2021-07-02","0.00",,"85","90","80"
"CHM00059082","SHAOGUAN, CH","2021-07-03","0.00",,"87","94","81"
"CHM00059082","SHAOGUAN, CH","2021-07-04","0.00",,"86","94","80"
"CHM00059082","SHAOGUAN, CH","2021-07-05","0.00",,"86","95","78"
"CHM00059082","SHAOGUAN, CH","2021-07-06","0.00",,"87","96","77"
"CHM00059082","SHAOGUAN, CH","2021-07-07","0.76",,"83","96","77"
"CHM00059082","SHAOGUAN, CH","2021-07-08","0.00",,"85","94","77"
"CHM00059082","SHAOGUAN, CH","2021-07-09","0.00",,"85","94","75"
"CHM00059082","SHAOGUAN, CH","2021-07-10","0.00",,"86","95","75"
"CHM00059082","SHAOGUAN, CH","2021-07-11","0.00",,"87","95","79"
"CHM00059082","SHAOGUAN, CH","2021-07-12","0.00",,"87","95","81"
"CHM00059082","SHAOGUAN, CH","2021-07-13","0.00",,"88","95","82"
"CHM00059082","SHAOGUAN, CH","2021-07-14","0.00",,"87","96","80"
"CHM00059082","SHAOGUAN, CH","2021-07-15","0.00",,"89","97","80"
"CHM00059082","SHAOGUAN, CH","2021-07-16","0.49",,"81","97","74"
"CHM00059082","SHAOGUAN, CH","2021-07-17","0.00",,"82","97","74"
"CHM00059082","SHAOGUAN, CH","2021-07-18","0.00",,"86","95","76"
"CHM00059082","SHAOGUAN, CH","2021-07-19","0.18",,"81","95","76"
"CHM00059082","SHAOGUAN, CH","2021-07-20","0.19",,"81","92","76"
"CHM00059082","SHAOGUAN, CH","2021-07-21","0.00",,"81","87","77"
"CHM00059082","SHAOGUAN, CH","2021-07-22","0.00",,"85","96","76"
"CHM00059082","SHAOGUAN, CH","2021-07-23","0.00",,"87","98","76"
"CHM00059082","SHAOGUAN, CH","2021-07-24","0.00",,"86","98","77"
"CHM00059082","SHAOGUAN, CH","2021-07-25","0.00",,"87","99","78"
"CHM00059082","SHAOGUAN, CH","2021-07-26","0.00",,"87","99","79"
"CHM00059082","SHAOGUAN, CH","2021-07-27","0.00",,"87","100","77"
"CHM00059082","SHAOGUAN, CH","2021-07-28","0.00",,"89","100","77"
"CHM00059082","SHAOGUAN, CH","2021-07-29","0.00",,"85","100",
"CHM00059082","SHAOGUAN, CH","2021-07-30","0.00",,"85","99","76"
"CHM00059082","SHAOGUAN, CH","2021-07-31","0.01",,"84","96","77"
"CHM00059082","SHAOGUAN, CH","2021-08-01","0.00",,"87","100","76"
"CHM00059082","SHAOGUAN, CH","2021-08-02","0.00",,"89","100","79"
"CHM00059082","SHAOGUAN, CH","2021-08-03","0.31",,"81","100","77"
"CHM00059082","SHAOGUAN, CH","2021-08-04","0.29",,"82","97","77"
"CHM00059082","SHAOGUAN, CH","2021-08-05","0.22",,"81","93","77"
"CHM00059082","SHAOGUAN, CH","2021-08-06","0.28",,"80","93","76"
"CHM00059082","SHAOGUAN, CH","2021-08-07","0.06",,"85","97","76"
"CHM00059082","SHAOGUAN, CH","2021-08-08","0.00",,"85","97","79"
"CHM00059082","SHAOGUAN, CH","2021-08-09","0.01",,"83","96","79"
"CHM00059082","SHAOGUAN, CH","2021-08-10","0.28",,"80","90","75"
"CHM00059082","SHAOGUAN, CH","2021-08-11","0.00",,"85","92","75"
"CHM00059082","SHAOGUAN, CH","2021-08-12","0.00",,"87","95","77"
"CHM00059082","SHAOGUAN, CH","2021-08-13","0.04",,"86","95","80"
"CHM00059082","SHAOGUAN, CH","2021-08-14","0.05",,"83","94","79"
"CHM00059082","SHAOGUAN, CH","2021-08-15","0.59",,"81","94","76"
"CHM00059082","SHAOGUAN, CH","2021-08-16","0.06",,"82","94","76"
"CHM00059082","SHAOGUAN, CH","2021-08-17","0.00",,"84","94","76"
"CHM00059082","SHAOGUAN, CH","2021-08-18","0.14",,"78","94","74"
"CHM00059082","SHAOGUAN, CH","2021-08-19","0.00",,"82","93","74"
"CHM00059082","SHAOGUAN, CH","2021-08-20","0.00",,"86","94","76"
"CHM00059082","SHAOGUAN, CH","2021-08-21","0.05",,"82","94","78"
"CHM00059082","SHAOGUAN, CH","2021-08-22","0.00",,"87","95","78"
"CHM00059082","SHAOGUAN, CH","2021-08-23","0.00",,"87","95","80"
"CHM00059082","SHAOGUAN, CH","2021-08-24","0.00",,"86","95","79"
"CHM00059082","SHAOGUAN, CH","2021-08-25","0.00",,"85","95","77"
"CHM00059082","SHAOGUAN, CH","2021-08-26","0.00",,"86","98","77"
"CHM00059082","SHAOGUAN, CH","2021-08-27","0.00",,"82","98","72"
"CHM00059082","SHAOGUAN, CH","2021-08-28","0.00",,"81","97","72"
"CHM00059082","SHAOGUAN, CH","2021-08-29","0.03",,"82","95","73"
"CHM00059082","SHAOGUAN, CH","2021-08-30","0.00",,"85","96","74"
"CHM00059082","SHAOGUAN, CH","2021-08-31","0.16",,"81","96","75"
"CHM00059082","SHAOGUAN, CH","2021-09-01","0.87",,"81","96","74"
"CHM00059082","SHAOGUAN, CH","2021-09-02","0.00",,"83","96","74"
"CHM00059082","SHAOGUAN, CH","2021-09-03","0.00",,"85","95","76"
"CHM00059082","SHAOGUAN, CH","2021-09-04","0.00",,"85","96","76"
"CHM00059082","SHAOGUAN, CH","2021-09-05","0.00",,"85","96","76"
"CHM00059082","SHAOGUAN, CH","2021-09-06","0.00",,"85","98","76"
"CHM00059082","SHAOGUAN, CH","2021-09-07","0.19",,"82","98","76"
"CHM00059082","SHAOGUAN, CH","2021-09-08","0.00",,"82","97","76"
"CHM00059082","SHAOGUAN, CH","2021-09-09","0.00",,"84","97","76"
"CHM00059082","SHAOGUAN, CH","2021-09-10","0.00",,"86","99","76"
"CHM00059082","SHAOGUAN, CH","2021-09-11","0.00",,"87","99","77"
"CHM00059082","SHAOGUAN, CH","2021-09-12","0.00",,"86","99","77"
"CHM00059082","SHAOGUAN, CH","2021-09-13","0.00",,"87","98","77"
"CHM00059082","SHAOGUAN, CH","2021-09-14","0.00",,"84","98","76"
"CHM00059082","SHAOGUAN, CH","2021-09-15","0.00",,"83","97","76"
"CHM00059082","SHAOGUAN, CH","2021-09-16","0.00",,"83","96","75"
"CHM00059082","SHAOGUAN, CH","2021-09-17","0.00",,"84","96","75"
"CHM00059082","SHAOGUAN, CH","2021-09-18","0.00",,"87","96","76"
"CHM00059082","SHAOGUAN, CH","2021-09-19","0.00",,"87","96","78"
"CHM00059082","SHAOGUAN, CH","2021-09-20","0.09",,"83","99",
"CHM00059082","SHAOGUAN, CH","2021-09-21","0.00",,"83","99","73"
"CHM00059082","SHAOGUAN, CH","2021-09-22","0.06",,"78","95","73"
"CHM00059082","SHAOGUAN, CH","2021-09-23","0.00",,"82","96","73"
"CHM00059082","SHAOGUAN, CH","2021-09-24","0.00",,"85","98","74"
"CHM00059082","SHAOGUAN, CH","2021-09-25","0.00",,"86","98","75"
"CHM00059082","SHAOGUAN, CH","2021-09-26","0.00",,"85","97","76"
"CHM00059082","SHAOGUAN, CH","2021-09-27","0.00",,"86","100","75"
"CHM00059082","SHAOGUAN, CH","2021-09-28","0.00",,"87","100","76"
"CHM00059082","SHAOGUAN, CH","2021-09-29","0.50",,"82","99","73"
"CHM00059082","SHAOGUAN, CH","2021-09-30","0.00",,"82","98","73"
"CHM00059082","SHAOGUAN, CH","2021-10-01","0.00",,"82","94","75"
"CHM00059082","SHAOGUAN, CH","2021-10-02","0.00",,"85","96","74"
"CHM00059082","SHAOGUAN, CH","2021-10-03","0.00",,"84","96",
"CHM00059082","SHAOGUAN, CH","2021-10-04","0.00",,"83","96","75"
"CHM00059082","SHAOGUAN, CH","2021-10-05","0.00",,"83","97","71"
"CHM00059082","SHAOGUAN, CH","2021-10-06","0.00",,"81","97","71"
"CHM00059082","SHAOGUAN, CH","2021-10-07","0.00",,"82","95","72"
"CHM00059082","SHAOGUAN, CH","2021-10-08","0.18",,"75","93","71"
"CHM00059082","SHAOGUAN, CH","2021-10-09","0.25",,"75","81","71"
"CHM00059082","SHAOGUAN, CH","2021-10-10","0.00",,"80","90","73"
"CHM00059082","SHAOGUAN, CH","2021-10-11","0.00",,"69","90","64"
"CHM00059082","SHAOGUAN, CH","2021-10-12","0.00",,"68","75","64"
"CHM00059082","SHAOGUAN, CH","2021-10-13","0.07",,"69","72","66"
"CHM00059082","SHAOGUAN, CH","2021-10-14","0.00",,"71","76","66"
"CHM00059082","SHAOGUAN, CH","2021-10-15","0.06",,"68","76","65"
"CHM00059082","SHAOGUAN, CH","2021-10-16","0.00",,"66","70","65"
"CHM00059082","SHAOGUAN, CH","2021-10-17","0.00",,"64","70","60"
"CHM00059082","SHAOGUAN, CH","2021-10-18","0.00",,"67","74","60"
"CHM00059082","SHAOGUAN, CH","2021-10-19","0.00",,"72","82","61"
"CHM00059082","SHAOGUAN, CH","2021-10-20","0.55",,"71","85","58"
"CHM00059082","SHAOGUAN, CH","2021-10-21","0.13",,"59","85","57"
"CHM00059082","SHAOGUAN, CH","2021-10-22","0.00",,"62","68","57"
"CHM00059082","SHAOGUAN, CH","2021-10-23","0.00",,"60","68","58"
"CHM00059082","SHAOGUAN, CH","2021-10-24","0.00",,"64","73","56"
"CHM00059082","SHAOGUAN, CH","2021-10-25","0.00",,"63","73","56"
"CHM00059082","SHAOGUAN, CH","2021-10-26","0.00",,"69","80","55"
"CHM00059082","SHAOGUAN, CH","2021-10-27","0.00",,"73","80","59"
"CHM00059082","SHAOGUAN, CH","2021-10-28","0.00",,"71","80","65"
"CHM00059082","SHAOGUAN, CH","2021-10-29","0.63",,"67","80","62"
"CHM00059082","SHAOGUAN, CH","2021-10-30","0.02",,"65","76","62"
"CHM00059082","SHAOGUAN, CH","2021-10-31","0.79",,"63","67","62"
"CHM00059082","SHAOGUAN, CH","2021-11-01","0.15",,"65",,"62"
"CHM00059082","SHAOGUAN, CH","2021-11-02","0.13",,"65","67","63"
"CHM00059082","SHAOGUAN, CH","2021-11-03","0.12",,"66","68","63"
"CHM00059082","SHAOGUAN, CH","2021-11-04","0.02",,"70","79","64"
"CHM00059082","SHAOGUAN, CH","2021-11-05","0.00",,"76","82","65"
"CHM00059082","SHAOGUAN, CH","2021-11-06","0.00",,"76","84","69"
"CHM00059082","SHAOGUAN, CH","2021-11-07","0.41",,"61","84","49"
"CHM00059082","SHAOGUAN, CH","2021-11-08","0.05",,"55","80","49"
"CHM00059082","SHAOGUAN, CH","2021-11-09","0.02",,"57","66","50"
"CHM00059082","SHAOGUAN, CH","2021-11-10","0.01",,"58","71","48"
"CHM00059082","SHAOGUAN, CH","2021-11-11","0.00",,"59","72","48"
"CHM00059082","SHAOGUAN, CH","2021-11-12","0.00",,"60","72",
"CHM00059082","SHAOGUAN, CH","2021-11-13","0.00",,"60","72","49"
"CHM00059082","SHAOGUAN, CH","2021-11-14","0.00",,"63","74","50"
"CHM00059082","SHAOGUAN, CH","2021-11-15","0.01",,"62","74","53"
"CHM00059082","SHAOGUAN, CH","2021-11-16","0.01",,"62","68","58"
"CHM00059082","SHAOGUAN, CH","2021-11-17","0.06",,"60","65","59"
"CHM00059082","SHAOGUAN, CH","2021-11-18","0.01",,"62","72","54"
"CHM00059082","SHAOGUAN, CH","2021-11-19","0.00",,"64","74","53"
"CHM00059082","SHAOGUAN, CH","2021-11-20","0.02",,"69","76","55"
"CHM00059082","SHAOGUAN, CH","2021-11-21","0.40",,"61","76","50"
"CHM00059082","SHAOGUAN, CH","2021-11-22","0.01",,"53","68","50"
"CHM00059082","SHAOGUAN, CH","2021-11-23","0.00",,"53","62","44"
"CHM00059082","SHAOGUAN, CH","2021-11-24","0.00",,"55","66","44"
"CHM00059082","SHAOGUAN, CH","2021-11-25","0.00",,"54","66","45"
"CHM00059082","SHAOGUAN, CH","2021-11-26","0.00",,"56","73","44"
"CHM00059082","SHAOGUAN, CH","2021-11-27","0.00",,"57","73","44"
"CHM00059082","SHAOGUAN, CH","2021-11-28","0.00",,"59","73","46"
"CHM00059082","SHAOGUAN, CH","2021-11-29","0.00",,"63","75","48"
"CHM00059082","SHAOGUAN, CH","2021-11-30","0.00",,"57","75",
"CHM00059082","SHAOGUAN, CH","2021-12-01","0.00",,"50","67","38"
"CHM00059082","SHAOGUAN, CH","2021-12-02","0.00",,"50","66","37"
"CHM00059082","SHAOGUAN, CH","2021-12-03","0.00",,"51","68","38"
"CHM00059082","SHAOGUAN, CH","2021-12-04","0.00",,"51","68","38"
"CHM00059082","SHAOGUAN, CH","2021-12-05","0.00",,"51","69","37"
"CHM00059082","SHAOGUAN, CH","2021-12-06","0.00",,"52","70","39"
"CHM00059082","SHAOGUAN, CH","2021-12-07","0.00",,"56","71","40"
"CHM00059082","SHAOGUAN, CH","2021-12-08","0.00",,"60","74","43"
"CHM00059082","SHAOGUAN, CH","2021-12-09","0.00",,"59","74","49"
"CHM00059082","SHAOGUAN, CH","2021-12-10","0.00",,"59","74","48"
"CHM00059082","SHAOGUAN, CH","2021-12-11","0.00",,"62","77","49"
"CHM00059082","SHAOGUAN, CH","2021-12-12","0.00",,"57","77","51"
"CHM00059082","SHAOGUAN, CH","2021-12-13","0.00",,"54","66","45"
"CHM00059082","SHAOGUAN, CH","2021-12-14","0.00",,"57","67","44"
"CHM00059082","SHAOGUAN, CH","2021-12-15","0.08",,"58","67","45"
"CHM00059082","SHAOGUAN, CH","2021-12-16","0.36",,"60","63","56"
"CHM00059082","SHAOGUAN, CH","2021-12-17","0.00",,"51","63","42"
"CHM00059082","SHAOGUAN, CH","2021-12-18","0.00",,"49","61",
"CHM00059082","SHAOGUAN, CH","2021-12-19","0.00",,"53","64","37"
"CHM00059082","SHAOGUAN, CH","2021-12-20","0.54",,"51","64","38"
"CHM00059082","SHAOGUAN, CH","2021-12-21","0.32",,"54","60","48"
"CHM00059082","SHAOGUAN, CH","2021-12-22","0.00",,"56","65","50"
"CHM00059082","SHAOGUAN, CH","2021-12-23","0.00",,"54","65","50"
"CHM00059082","SHAOGUAN, CH","2021-12-24","0.00",,"59","69","51"
"CHM00059082","SHAOGUAN, CH","2021-12-25","0.00",,"54","69",
"CHM00059082","SHAOGUAN, CH","2021-12-26","0.00",,"44","62","39"
"CHM00059082","SHAOGUAN, CH","2021-12-27","0.00",,"42","48","38"
"CHM00059082","SHAOGUAN, CH","2021-12-28","0.00",,"44","45","38"
"CHM00059082","SHAOGUAN, CH","2021-12-29","0.00",,"47","49","42"
"CHM00059082","SHAOGUAN, CH","2021-12-30","0.00",,"53","60","44"
"CHM00059082","SHAOGUAN, CH","2021-12-31","0.00",,"56","63","47"
"CHM00059082","SHAOGUAN, CH","2022-01-01","0.00",,"56","64","50"
"CHM00059082","SHAOGUAN, CH","2022-01-02","0.00",,"56","67","50"
"CHM00059082","SHAOGUAN, CH","2022-01-03","0.00",,"58","71","49"
"CHM00059082","SHAOGUAN, CH","2022-01-04","0.00",,"62","76","48"
"CHM00059082","SHAOGUAN, CH","2022-01-05","0.00",,"63","76","49"
"CHM00059082","SHAOGUAN, CH","2022-01-06","0.00",,"58","75","52"
"CHM00059082","SHAOGUAN, CH","2022-01-07","0.00",,"54","66","47"
"CHM00059082","SHAOGUAN, CH","2022-01-08","0.11",,"55","64","47"
"CHM00059082","SHAOGUAN, CH","2022-01-09","0.19",,"51","64","48"
"CHM00059082","SHAOGUAN, CH","2022-01-10","0.36",,"49","54","48"
"CHM00059082","SHAOGUAN, CH","2022-01-11","0.00",,"48","56","38"
"CHM00059082","SHAOGUAN, CH","2022-01-12","0.00",,"49","56","38"
"CHM00059082","SHAOGUAN, CH","2022-01-13","0.00",,"51","58","40"
"CHM00059082","SHAOGUAN, CH","2022-01-14","0.04",,"50","58","44"
"CHM00059082","SHAOGUAN, CH","2022-01-15","0.06",,"50","53","47"
"CHM00059082","SHAOGUAN, CH","2022-01-16","0.01",,"51","53","48"
"CHM00059082","SHAOGUAN, CH","2022-01-17","0.11",,"50","53","48"
"CHM00059082","SHAOGUAN, CH","2022-01-18","0.02",,"53","56","48"
"CHM00059082","SHAOGUAN, CH","2022-01-19","0.00",,"52","58","43"
"CHM00059082","SHAOGUAN, CH","2022-01-20","0.00",,"55","66","42"
"CHM00059082","SHAOGUAN, CH","2022-01-21","0.00",,"59","70","43"
"CHM00059082","SHAOGUAN, CH","2022-01-22","0.02",,"62","70","49"
"CHM00059082","SHAOGUAN, CH","2022-01-23","0.02",,"60","72","51"
"CHM00059082","SHAOGUAN, CH","2022-01-24","0.01",,"50","72","49"
"CHM00059082","SHAOGUAN, CH","2022-01-25","0.00",,"54","58","49"
"CHM00059082","SHAOGUAN, CH","2022-01-26","0.00",,"60","67","49"
"CHM00059082","SHAOGUAN, CH","2022-01-27","0.00",,"60","73",
"CHM00059082","SHAOGUAN, CH","2022-01-28","0.01",,"50","73","44"
"CHM00059082","SHAOGUAN, CH","2022-01-29","0.13",,"43","56","40"
"CHM00059082","SHAOGUAN, CH","2022-01-30","0.08",,"43","48","40"
"CHM00059082","SHAOGUAN, CH","2022-01-31","0.89",,"42","48","40"
"CHM00059082","SHAOGUAN, CH","2022-02-01","0.54",,"44","46","40"
"CHM00059082","SHAOGUAN, CH","2022-02-02","1.20",,"44","47","41"
"CHM00059082","SHAOGUAN, CH","2022-02-03","0.28",,"45","49","40"
"CHM00059082","SHAOGUAN, CH","2022-02-04","0.00",,"46","50","41"
"CHM00059082","SHAOGUAN, CH","2022-02-05","0.00",,"47","50","43"
"CHM00059082","SHAOGUAN, CH","2022-02-06","0.31",,"47","50","44"
"CHM00059082","SHAOGUAN, CH","2022-02-07","0.93",,"48","51","44"
"CHM00059082","SHAOGUAN, CH","2022-02-08","0.44",,"42","51","41"
"CHM00059082","SHAOGUAN, CH","2022-02-09","0.21",,"43","45","40"
"CHM00059082","SHAOGUAN, CH","2022-02-10","0.25",,"45","46","40"
"CHM00059082","SHAOGUAN, CH","2022-02-11","0.17",,"48","49","42"
"CHM00059082","SHAOGUAN, CH","2022-02-12","0.06",,"49","53","46"
"CHM00059082","SHAOGUAN, CH","2022-02-13","0.31",,"46","53","46"
"CHM00059082","SHAOGUAN, CH","2022-02-14","0.02",,"49","53","46"
"CHM00059082","SHAOGUAN, CH","2022-02-15","0.00",,"52","57","46"
"CHM00059082","SHAOGUAN, CH","2022-02-16","0.15",,"53","59","48"
"CHM00059082","SHAOGUAN, CH","2022-02-17","0.24",,"52","59","50"
"CHM00059082","SHAOGUAN, CH","2022-02-18","1.32",,"46","54","42"
"CHM00059082","SHAOGUAN, CH","2022-02-19","2.06",,"40","50","40"
"CHM00059082","SHAOGUAN, CH","2022-02-20","1.37",,"39","42","37"
"CHM00059082","SHAOGUAN, CH","2022-02-21","0.20",,"40","44","37"
"CHM00059082","SHAOGUAN, CH","2022-02-22","0.01",,"41","44","38"
"CHM00059082","SHAOGUAN, CH","2022-02-23","0.00",,"43","48","38"
"CHM00059082","SHAOGUAN, CH","2022-02-24","0.00",,"48","57","40"
"CHM00059082","SHAOGUAN, CH","2022-02-25","0.00",,"51","64","41"
"CHM00059082","SHAOGUAN, CH","2022-02-26","0.00",,"58","73","44"
"CHM00059082","SHAOGUAN, CH","2022-02-27","0.00",,"67","78","47"
"CHM00059082","SHAOGUAN, CH","2022-02-28","0.00",,"69","78","51"
"CHM00059082","SHAOGUAN, CH","2022-03-01","0.00",,"67","78","59"
"CHM00059082","SHAOGUAN, CH","2022-03-02","0.00",,"65","78","58"
"CHM00059082","SHAOGUAN, CH","2022-03-03","0.00",,"70","80","59"
"CHM00059082","SHAOGUAN, CH","2022-03-04","0.00",,"71","83",
"CHM00059082","SHAOGUAN, CH","2022-03-05","0.00",,"71","83","60"
"CHM00059082","SHAOGUAN, CH","2022-03-06","0.52",,"67","80","60"
"CHM00059082","SHAOGUAN, CH","2022-03-07","0.03",,"60","78",
"CHM00059082","SHAOGUAN, CH","2022-03-08","0.00",,"59","76","46"
"CHM00059082","SHAOGUAN, CH","2022-03-09","0.00",,"62","78","46"
"CHM00059082","SHAOGUAN, CH","2022-03-10","0.00",,"69","80","49"
"CHM00059082","SHAOGUAN, CH","2022-03-11","0.00",,"71","83","54"
"CHM00059082","SHAOGUAN, CH","2022-03-12","0.00",,"75","84","60"
"CHM00059082","SHAOGUAN, CH","2022-03-13","0.00",,"73","84","62"
"CHM00059082","SHAOGUAN, CH","2022-03-14","0.00",,"74","86","65"
"CHM00059082","SHAOGUAN, CH","2022-03-15","0.00",,"77","90","65"
"CHM00059082","SHAOGUAN, CH","2022-03-16","0.02",,"74","90","67"
"CHM00059082","SHAOGUAN, CH","2022-03-17","1.08",,"71","79","65"
"CHM00059082","SHAOGUAN, CH","2022-03-18","0.00",,"68","79","61"
"CHM00059082","SHAOGUAN, CH","2022-03-19","0.00",,"74","83","60"
"CHM00059082","SHAOGUAN, CH","2022-03-20","0.00",,"75","83","61"
"CHM00059082","SHAOGUAN, CH","2022-03-21","0.37",,"74","83","67"
"CHM00059082","SHAOGUAN, CH","2022-03-22","3.47",,"53","78","49"
"CHM00059082","SHAOGUAN, CH","2022-03-23","0.94",,"53","57","49"
"CHM00059082","SHAOGUAN, CH","2022-03-24","1.07",,"55","56","50"
"CHM00059082","SHAOGUAN, CH","2022-03-25","0.29",,"65","74","52"
"CHM00059082","SHAOGUAN, CH","2022-03-26","0.33",,"62","74","57"
"CHM00059082","SHAOGUAN, CH","2022-03-27","0.10",,"57","67","54"
"CHM00059082","SHAOGUAN, CH","2022-03-28","0.00",,"59","65","53"
"CHM00059082","SHAOGUAN, CH","2022-03-29","0.26",,"60","65","55"
"CHM00059082","SHAOGUAN, CH","2022-03-30","0.04",,"65","69","57"
"CHM00059082","SHAOGUAN, CH","2022-03-31","0.01",,"68","83",
"CHM00059082","SHAOGUAN, CH","2022-04-01","0.35",,"56","83","50"
"CHM00059082","SHAOGUAN, CH","2022-04-02","0.05",,"55","63","47"
"CHM00059082","SHAOGUAN, CH","2022-04-03","0.00",,"59","76","45"
"CHM00059082","SHAOGUAN, CH","2022-04-04","0.00",,"63","80","45"
"CHM00059082","SHAOGUAN, CH","2022-04-05","0.00",,"66","82","50"
"CHM00059082","SHAOGUAN, CH","2022-04-06","0.00",,"68","82","55"
"CHM00059082","SHAOGUAN, CH","2022-04-07","0.00",,"68","86","54"
"CHM00059082","SHAOGUAN, CH","2022-04-08","0.00",,"69","87","53"
"CHM00059082","SHAOGUAN, CH","2022-04-09","0.00",,"72","87","55"
"CHM00059082","SHAOGUAN, CH","2022-04-10","0.00",,"72","87","59"
"CHM00059082","SHAOGUAN, CH","2022-04-11","0.00",,"75","88","59"
"CHM00059082","SHAOGUAN, CH","2022-04-12","0.00",,"79","88","64"
"CHM00059082","SHAOGUAN, CH","2022-04-13","0.03",,"70","88","65"
"CHM00059082","SHAOGUAN, CH","2022-04-14","0.00",,"70","80","61"
"CHM00059082","SHAOGUAN, CH","2022-04-15","0.01",,"70","83","61"
"CHM00059082","SHAOGUAN, CH","2022-04-16","0.22",,"58","83","56"
"CHM00059082","SHAOGUAN, CH","2022-04-17","0.13",,"58","61","56"
"CHM00059082","SHAOGUAN, CH","2022-04-18","0.52",,"57","61","56"
"CHM00059082","SHAOGUAN, CH","2022-04-19","0.00",,"64","73","56"
"CHM00059082","SHAOGUAN, CH","2022-04-20","0.00",,"72","77","57"
"CHM00059082","SHAOGUAN, CH","2022-04-21","0.00",,"75","81","61"
"CHM00059082","SHAOGUAN, CH","2022-04-22","0.54",,"72","81","69"
"CHM00059082","SHAOGUAN, CH","2022-04-23","0.47",,"77","86","69"
"CHM00059082","SHAOGUAN, CH","2022-04-24","0.06",,"78","86","71"
"CHM00059082","SHAOGUAN, CH","2022-04-25","0.26",,"79","86","72"
"CHM00059082","SHAOGUAN, CH","2022-04-26","0.00",,"77","86","73"
"CHM00059082","SHAOGUAN, CH","2022-04-27","0.00",,"81","86","73"
"CHM00059082","SHAOGUAN, CH","2022-04-28","0.04",,"81","88","76"
"CHM00059082","SHAOGUAN, CH","2022-04-29","0.22",,"69","88","63"
"CHM00059082","SHAOGUAN, CH","2022-04-30","0.75",,"64","74","59"
"CHM00059082","SHAOGUAN, CH","2022-05-01","0.82",,"59","69","55"
"CHM00059082","SHAOGUAN, CH","2022-05-02","0.00",,"63","75","52"
"CHM00059082","SHAOGUAN, CH","2022-05-03","0.00",,"67","80","51"
"CHM00059082","SHAOGUAN, CH","2022-05-04","0.00",,"71","86","57"
"CHM00059082","SHAOGUAN, CH","2022-05-05","0.00",,"73","86","61"
"CHM00059082","SHAOGUAN, CH","2022-05-06","0.00",,"76","87","65"
"CHM00059082","SHAOGUAN, CH","2022-05-07","0.05",,"73","87","69"
"CHM00059082","SHAOGUAN, CH","2022-05-08","1.02",,"69","79","65"
"CHM00059082","SHAOGUAN, CH","2022-05-09","0.19",,"72","79","65"
"CHM00059082","SHAOGUAN, CH","2022-05-10","0.40",,"73","79","67"
"CHM00059082","SHAOGUAN, CH","2022-05-11","0.46",,"71","75","70"
"CHM00059082","SHAOGUAN, CH","2022-05-12","0.68",,"71","72","69"
